variable,count,mean,std,min,25%,50%,75%,max,original
dummy1,1000.0,2.6751073042549645e-05,0.010872096468211035,-0.0346214654381213,-0.007324312204483225,0.00015418881618555,0.0073750273809524754,0.0330739159997683,0.0014498792803534
dummy2,1000.0,3.4838208832423414e-05,0.010376914645142165,-0.0335224639017219,-0.0069506246575201,-0.00012245191955125,0.00691779811612365,0.031442621190429,-0.000834315737066
x1,1000.0,0.1378663494568123,3.0268254031074937,-9.12822688963628,-1.8593637641476848,0.054050126314838395,2.2330126227761706,28.204721635713543,28.204721635713543
x2,1000.0,0.1730826116752426,8.039275257418511,-22.99464684998011,-5.373725076512975,0.2947805527266323,5.305474702344589,75.05071161899889,75.05071161899889
x3,1000.0,-0.01631133362468435,1.937261382172529,-5.298947764879167,-1.4106839807992113,0.02125140195126105,1.1683248953981562,17.754490981936584,17.754490981936584
